<?xml version="1.0" encoding="UTF-8"?>
<configuration scan="true" scanPeriod="30 seconds">

    <!-- To enable JMX Management -->
    <jmxConfigurator/>

    <appender name="file" class="ch.qos.logback.core.FileAppender">
        <file>${JRM_JAVA_STOCK_SYSTEM}/log/StockSystem.log</file>
        <encoder>
            <charset>UTF-8</charset>
            <pattern>%-5level [%file:%line] %d{yyyy/MM/dd --- HH:mm:ss}  %msg%n</pattern>
        </encoder>
    </appender>

    <appender name="console" class="ch.qos.logback.core.ConsoleAppender">
        <encoder>
            <charset>UTF-8</charset>
            <pattern>%n</pattern>
        </encoder>
    </appender>

    <logger name="saffchen" level="debug"/>

    <root level="info">
        <appender-ref ref="file"/>
        <appender-ref ref="console"/>
    </root>
</configuration>
